[
	{
		"name": "Narshe Whelk",
		"type": "toggle",
		"loop": "true",
		"img": "images/Whelk.png",
		"codes": "Whelk"
	},
	{
		"name": "Narshe Lone Wolf",
		"type": "toggle",
		"loop": "true",
		"img": "images/LoneWolf.png",
		"codes": "LoneWolf"
	},
	{
		"name": "Figaro Throne",
		"type": "toggle",
		"loop": "true",
		"img": "images/FigaroThrone.png",
		"codes": "FigThrone"
	},
	{
		"name": "Mt Kolts Vargas",
		"type": "toggle",
		"loop": "true",
		"img": "images/Vargas.png",
		"codes": "Vargas"
	},
	{
		"name": "Imperial Camp",
		"type": "toggle",
		"loop": "true",
		"img": "images/MilEnc.png",
		"codes": "ImperialCamp"
	},
	{
		"name": "Narshe Wpn Locke Req",
		"type": "toggle",
		"loop": "true",
		"img": "images/Narshe_Wpn.png",
		"codes": "NarsheWpn"
	},
	{
		"name": "Doma",
		"type": "toggle",
		"loop": "true",
		"img": "images/Captain.png",
		"codes": "WoBDoma"
	},
	{
		"name": "Jidoor Owzer Mansion",
		"type": "toggle",
		"loop": "true",
		"img": "images/Chadarnook.png",
		"codes": "Owzer"
	},
	{
		"name": "South Figaro",
		"type": "toggle",
		"loop": "true",
		"img": "images/ChainedCeles.png",
		"codes": "ChainedCeles"
	},
	{
		"name": "Zozo Ramuh",
		"type": "toggle",
		"loop": "true",
		"img": "images/Ramuh.png",
		"codes": "ZozoRamuh"
	},
	{
		"name": "Doom Gaze",
		"type": "toggle",
		"loop": "true",
		"img": "images/DoomGaze.png",
		"codes": "DoomGaze"
	},
	{
		"name": "Darill's Tomb",
		"type": "toggle",
		"loop": "true",
		"img": "images/Dullahan.png",
		"codes": "DarillTomb"
	},
	{
		"name": "Thamasa Use Inn",
		"type": "toggle",
		"loop": "true",
		"img": "images/FlameEater.png",
		"codes": "WoBThamasa"
	},
	{
		"name": "Gau Manor",
		"type": "toggle",
		"loop": "true",
		"img": "images/GauDad.png",
		"codes": "GauManor"
	},
	{
		"name": "Veldt 3 party members + Jerky",
		"type": "toggle",
		"loop": "true",
		"img": "images/GauJerky.png",
		"codes": "VeldtJerky"
	},
	{
		"name": "Phantom Train",
		"type": "toggle",
		"loop": "true",
		"img": "images/GhostTrain.png",
		"codes": "PhantomTrain"
	},
	{
		"name": "Esper Mountain",
		"type": "toggle",
		"loop": "true",
		"img": "images/GoddessStatue.png",
		"codes": "EsperMtn"
	},
	{
		"name": "Kohlingen Inn",
		"type": "toggle",
		"loop": "true",
		"img": "images/InterceptorKohlingen.png",
		"codes": "KohlingenDoge"
	},
	{
		"name": "Fanatics Tower",
		"type": "toggle",
		"loop": "true",
		"img": "images/MageMaster.png",
		"codes": "FanaticsTower"
	},
	{
		"name": "Mobliz",
		"type": "toggle",
		"loop": "true",
		"img": "images/Phunbaba.png",
		"codes": "Phunbaba"
	},
	{
		"name": "Ancient Castle",
		"type": "toggle",
		"loop": "true",
		"img": "images/Raiden.png",
		"codes": "AncientCastle"
	},
	{
		"name": "Mt Zozo",
		"type": "toggle",
		"loop": "true",
		"img": "images/Roses.png",
		"codes": "MtZozo"
	},
	{
		"name": "Veldt Cave",
		"type": "toggle",
		"loop": "true",
		"img": "images/SrBehemoth.png",
		"codes": "WoRVeldt"
	},
	{
		"name": "Figaro Cave",
		"type": "toggle",
		"loop": "true",
		"img": "images/Tentacle.png",
		"codes": "FigCave"
	},
	{
		"name": "Narshe Tritoch",
		"type": "toggle",
		"loop": "true",
		"img": "images/Tritoch.png",
		"codes": "Tritoch"
	},
	{
		"name": "Backwards through South Figaro Cave",
		"type": "toggle",
		"loop": "true",
		"img": "images/TunnelArmor.png",
		"codes": "tunnelArmor"
	},
	{
		"name": "Tzen Collapsing House",
		"type": "toggle",
		"loop": "true",
		"img": "images/TzenHouse.png",
		"codes": "TzenHouse"
	},
	{
		"name": "Serpent Trench",
		"type": "toggle",
		"loop": "true",
		"img": "images/DiveHelm.png",
		"codes": "SerpentTrench"
	},
	{
		"name": "Tzen Thief in Woods",
		"type": "toggle",
		"loop": "true",
		"img": "images/TzenThief.png",
		"codes": "TzenThief"
	},
	{
		"name": "Lete River",
		"type": "toggle",
		"loop": "true",
		"img": "images/Ultros.png",
		"codes": "LeteRiver"
	},
	{
		"name": "Narshe Umaro",
		"type": "toggle",
		"loop": "true",
		"img": "images/Umaro.png",
		"codes": "Umaro"
	},
	{
		"name": "Opera House",
		"type": "toggle",
		"loop": "true",
		"img": "images/Weight.png",
		"codes": "OperaHouse"
	},
	{
		"name": "Zone Eater",
		"type": "toggle",
		"loop": "true",
		"img": "images/ZoneEater.png",
		"codes": "ZoneEater"
	},
	{
		"name": "Baren Falls",
		"type": "toggle",
		"loop": "true",
		"img": "images/Rizopas.png",
		"codes": "BarenFalls"
	},
	{
		"name": "Ebots Rock Hidon",
		"type": "toggle",
		"loop": "true",
		"img": "images/Hidon.png",
		"codes": "EbotsRock"
	},
		// Magitek Factory
	{
      "name": "3 Magitek Factory",
      "type": "progressive",
      "allow_disabled": "false",
      "stages": [
        {
          "img": "images/Crane.png",
          "img_mods": "@disabled",
		  "codes": "Magitek"
        },
        {
          "img": "images/Crane.png",
          "img_mods": "overlay|images/Overlays/1.png"
        },
        {
          "img": "images/Crane.png",
		  "img_mods": "overlay|images/Overlays/2.png"
        },
		{
          "img": "images/Crane.png",
		  "img_mods": "overlay|images/Overlays/3.png"
        },
      ]
    },
		// Jidoor Auctions
	{
      "name": "2 Jidoor Auctions",
      "type": "progressive",
      "allow_disabled": "false",
      "stages": [
        {
          "img": "images/Auctioneer.png",
          "img_mods": "@disabled",
		  "codes": "Auctioneer"
        },
        {
          "img": "images/Auctioneer.png",
          "img_mods": "overlay|images/Overlays/1.png"
        },
        {
          "img": "images/Auctioneer.png",
		  "img_mods": "overlay|images/Overlays/2.png"
        },
      ]
    },
		// Floating Continent
	{
      "name": "2 Floating Continent",
      "type": "progressive",
      "allow_disabled": "false",
      "stages": [
        {
          "img": "images/ShadowYump.png",
          "img_mods": "@disabled",
		  "codes": "Float"
        },
        {
          "img": "images/ShadowYump.png",
          "img_mods": "overlay|images/Overlays/1.png"
        },
        {
          "img": "images/ShadowYump.png",
		  "img_mods": "overlay|images/Overlays/2.png"
        },
      ]
    },
		// WoR Doma
	{
      "name": "Doma Bed Wrexsoul+Throne",
      "type": "progressive",
      "allow_disabled": "false",
      "stages": [
        {
          "img": "images/Wrexsoul.png",
          "img_mods": "@disabled",
		  "codes": "WoRDoma"
        },
        {
          "img": "images/Wrexsoul.png",
          "img_mods": "overlay|images/Overlays/1.png"
        },
        {
          "img": "images/Wrexsoul.png",
		  "img_mods": "overlay|images/Overlays/2.png"
        },
      ]
    },
		// Phoenix Cave
	{
      "name": "Phoenix Cave Char+Item",
      "type": "progressive",
      "allow_disabled": "false",
      "stages": [
        {
          "img": "images/Phoenix.png",
          "img_mods": "@disabled",
		  "codes": "PhoenixCave"
        },
        {
          "img": "images/Phoenix.png",
		  "img_mods": "overlay|images/Overlays/1.png"
        },
        {
          "img": "images/Phoenix.png",
		  "img_mods": "overlay|images/Overlays/2.png"
        },
      ]
    },
	    // Dragon Counter
    {
      "name": "8 Dragons",
      "type": "progressive",
      "allow_disabled": "false",
      "stages": [
        {
          "img": "images/GreenDragon.png",
          "img_mods": "@disabled",
		  "codes": "Dragon"
        },
        {
          "img": "images/GreenDragon.png",
		  "img_mods": "overlay|images/Overlays/1.png"
        },
        {
          "img": "images/GreenDragon.png",
		  "img_mods": "overlay|images/Overlays/2.png"
        },
        {
          "img": "images/GreenDragon.png",
		  "img_mods": "overlay|images/Overlays/3.png"
        },
        {
          "img": "images/GreenDragon.png",
		  "img_mods": "overlay|images/Overlays/4.png"
        },
		{
          "img": "images/GreenDragon.png",
		  "img_mods": "overlay|images/Overlays/5.png"
        },
		{
          "img": "images/GreenDragon.png",
		  "img_mods": "overlay|images/Overlays/6.png"
        },
		{
          "img": "images/GreenDragon.png",
		  "img_mods": "overlay|images/Overlays/7.png"
        },
		{
          "img": "images/GreenDragon.png",
		  "img_mods": "overlay|images/Overlays/8.png"
        },
      ]
    },
		// Character Counter
    {
      "name": "14 Characters",
      "type": "progressive",
      "allow_disabled": "false",
      "stages": [
        {
          "img": "images/Char.png",
          "img_mods": "@enabled",
		  "img_mods": "overlay|images/Overlays/1.png",
		  "codes": "Char"
        },
        {
          "img": "images/Char.png",
          "img_mods": "overlay|images/Overlays/2.png"
        },
        {
          "img": "images/Char.png",
		  "img_mods": "overlay|images/Overlays/3.png"
        },
        {
          "img": "images/Char.png",
		  "img_mods": "overlay|images/Overlays/4.png"
        },
        {
          "img": "images/Char.png",
		  "img_mods": "overlay|images/Overlays/5.png"
        },
		{
          "img": "images/Char.png",
		  "img_mods": "overlay|images/Overlays/6.png"
        },
		{
          "img": "images/Char.png",
		  "img_mods": "overlay|images/Overlays/7.png"
        },
		{
          "img": "images/Char.png",
		  "img_mods": "overlay|images/Overlays/8.png"
        },
		{
          "img": "images/Char.png",
		  "img_mods": "overlay|images/Overlays/9.png"
        },
		{
          "img": "images/Char.png",
		  "img_mods": "overlay|images/Overlays/10.png"
        },
		{
          "img": "images/Char.png",
		  "img_mods": "overlay|images/Overlays/11.png"
        },
		{
          "img": "images/Char.png",
		  "img_mods": "overlay|images/Overlays/12.png"
        },
		{
          "img": "images/Char.png",
		  "img_mods": "overlay|images/Overlays/13.png"
        },
		{
          "img": "images/Char.png",
		  "img_mods": "overlay|images/Overlays/14.png"
        },
      ]
    },
		// Esper Counter
    {
      "name": "24 Espers",
      "type": "progressive",
      "allow_disabled": "false",
      "stages": [
        {
          "img": "images/Esper.png",
          "img_mods": "@disabled",
		  "codes": "Esper"
        },
        {
          "img": "images/Esper.png",
          "img_mods": "overlay|images/Overlays/1.png"
        },
        {
          "img": "images/Esper.png",
		  "img_mods": "overlay|images/Overlays/2.png"
        },
        {
          "img": "images/Esper.png",
		  "img_mods": "overlay|images/Overlays/3.png"
        },
        {
          "img": "images/Esper.png",
		  "img_mods": "overlay|images/Overlays/4.png"
        },
		{
          "img": "images/Esper.png",
		  "img_mods": "overlay|images/Overlays/5.png"
        },
		{
          "img": "images/Esper.png",
		  "img_mods": "overlay|images/Overlays/6.png"
        },
		{
          "img": "images/Esper.png",
		  "img_mods": "overlay|images/Overlays/7.png"
        },
		{
          "img": "images/Esper.png",
		  "img_mods": "overlay|images/Overlays/8.png"
        },
		{
          "img": "images/Esper.png",
		  "img_mods": "overlay|images/Overlays/9.png"
        },
		{
          "img": "images/Esper.png",
		  "img_mods": "overlay|images/Overlays/10.png"
        },
		{
          "img": "images/Esper.png",
		  "img_mods": "overlay|images/Overlays/11.png"
        },
		{
          "img": "images/Esper.png",
		  "img_mods": "overlay|images/Overlays/12.png"
        },
		{
          "img": "images/Esper.png",
		  "img_mods": "overlay|images/Overlays/13.png"
        },
		{
          "img": "images/Esper.png",
		  "img_mods": "overlay|images/Overlays/14.png"
        },
		{
          "img": "images/Esper.png",
		  "img_mods": "overlay|images/Overlays/15.png"
        },
		{
          "img": "images/Esper.png",
		  "img_mods": "overlay|images/Overlays/16.png"
        },
		{
          "img": "images/Esper.png",
		  "img_mods": "overlay|images/Overlays/17.png"
        },
		{
          "img": "images/Esper.png",
		  "img_mods": "overlay|images/Overlays/18.png"
        },
		{
          "img": "images/Esper.png",
		  "img_mods": "overlay|images/Overlays/19.png"
        },
		{
          "img": "images/Esper.png",
		  "img_mods": "overlay|images/Overlays/20.png"
        },
		{
          "img": "images/Esper.png",
		  "img_mods": "overlay|images/Overlays/21.png"
        },
		{
          "img": "images/Esper.png",
		  "img_mods": "overlay|images/Overlays/22.png"
        },
		{
          "img": "images/Esper.png",
		  "img_mods": "overlay|images/Overlays/23.png"
        },
		{
          "img": "images/Esper.png",
		  "img_mods": "overlay|images/Overlays/24.png"
        },
      ]
    }
]